<?xml version="1.0" encoding="UTF-8" standalone="no"?>
<Canvas xmlns="http://www.jgrasp.org">
  <Language>Java</Language>
  <ShowTypes>false</ShowTypes>
  <Version>2</Version>
  <Grid>
    <Snap>true</Snap>
    <Show>false</Show>
  </Grid>
  <Scope id="0">
    <Name>main</Name>
    <Signature>([Ljava/lang/String;)V</Signature>
    <DeclaringType>SortingClient</DeclaringType>
    <Depth>0</Depth>
  </Scope>
  <Frame>
    <Transparent>true</Transparent>
    <Bounds>
      <AutoSize>false</AutoSize>
      <X>40</X>
      <Y>130</Y>
      <W>758</W>
      <H>160</H>
    </Bounds>
    <PanelSize>
      <Key>_X_A_PresentationView0</Key>
      <Order>4</Order>
      <W>764</W>
      <H>192</H>
    </PanelSize>
    <Viewer>
      <ScopeID>0</ScopeID>
      <Expression>`local java.lang.String[]` as</Expression>
      <ViewerClass>_X_A_PresentationView</ViewerClass>
    </Viewer>
  </Frame>
  <Size>
    <W>881</W>
    <H>450</H>
  </Size>
  <ESize>
    <W>881</W>
    <H>450</H>
  </ESize>
</Canvas>
